,P-value (Bootstrap),CI Lower,CI Upper,Actual Difference,Significant,T-statistic,P-value (t-test)
1/N,0.459,-0.13285106822723297,0.15167330752051117,0.012574964236697683,False,-0.974165617582457,0.33016203872926075
Inverse Vol,0.298,-0.06906406208113058,0.10932721650436028,0.02008357586923082,False,-0.7874311730597425,0.43117818794908547
Min Variance,0.677,-0.14053572328328795,0.08529542518302745,-0.024220079104152692,False,-0.8604338721908263,0.3897142627684984
