,Avg Turnover,Max Turnover,Min Turnover
HRP,0.27872458839869135,0.3323827950621696,0.2382141339918741
Min Variance,1.4011624616911353,1.4907398457871754,1.2986559026354785
Risk Parity,0.1357837250356182,0.27092138003939376,0.05352485630963108
